<?xml version="1.0" encoding="UTF-8"?>
<project-private xmlns="http://www.netbeans.org/ns/project-private/1">
    <editor-bookmarks xmlns="http://www.netbeans.org/ns/editor-bookmarks/2" lastBookmarkId="0"/>
    <open-files xmlns="http://www.netbeans.org/ns/projectui-open-files/2">
        <group>
            <file>file:/C:/Final%20Year%20project/HCMS2/web/Recipt.jsp</file>
            <file>file:/C:/Final%20Year%20project/HCMS2/web/packagedetails.jsp</file>
            <file>file:/C:/Final%20Year%20project/HCMS2/web/Packagewisebill.jsp</file>
            <file>file:/C:/Final%20Year%20project/HCMS2/web/fox/index.html</file>
        </group>
    </open-files>
</project-private>
